{"cameraMode":{"drawMode":0,"name":"Shaded","section":"Shading Mode"},"sceneLighting":true,"audioPlay":false,"sceneViewState":{"showFog":true,"showMaterialUpdate":false,"showSkybox":true,"showFlares":true,"showImageEffects":true,"showParticleSystems":true,"showVisualEffectGraphs":true,"m_FxEnabled":true},"in2DMode":false,"pivot":{"x":0.17869028449058534,"y":16.844423294067384,"z":20.308534622192384},"rotation":{"x":-0.006279359105974436,"y":-0.9289723634719849,"z":0.36988744139671328,"w":-0.014978150837123394},"size":3.085073947906494,"orthographic":false}