{"cameraMode":{"drawMode":0,"name":"Shaded","section":"Shading Mode"},"sceneLighting":true,"audioPlay":false,"sceneViewState":{"showFog":true,"showMaterialUpdate":false,"showSkybox":true,"showFlares":true,"showImageEffects":true,"showParticleSystems":true,"showVisualEffectGraphs":true,"m_FxEnabled":true},"in2DMode":false,"pivot":{"x":2.2476062774658205,"y":-28.214351654052736,"z":-33.66315841674805},"rotation":{"x":-0.0024381200782954695,"y":-0.9457424283027649,"z":0.32485637068748476,"w":-0.0070952242240309719},"size":44.69049072265625,"orthographic":false}