{"cameraMode":{"drawMode":0,"name":"Shaded","section":"Shading Mode"},"sceneLighting":true,"audioPlay":false,"sceneViewState":{"showFog":true,"showMaterialUpdate":false,"showSkybox":true,"showFlares":true,"showImageEffects":true,"showParticleSystems":true,"showVisualEffectGraphs":true,"m_FxEnabled":true},"in2DMode":false,"pivot":{"x":1.0742318630218506,"y":1.0446414947509766,"z":2.767247200012207},"rotation":{"x":-0.001519937301054597,"y":0.8698366284370422,"z":-0.49338698387145998,"w":-0.0025892385747283699},"size":10.649794578552246,"orthographic":false}