{"cameraMode":{"drawMode":0,"name":"Shaded","section":"Shading Mode"},"sceneLighting":true,"audioPlay":false,"sceneViewState":{"showFog":true,"showMaterialUpdate":false,"showSkybox":true,"showFlares":true,"showImageEffects":true,"showParticleSystems":true,"showVisualEffectGraphs":true,"m_FxEnabled":true},"in2DMode":false,"pivot":{"x":-1.6291626691818238,"y":2.504850149154663,"z":5.415081024169922},"rotation":{"x":-0.29350629448890688,"y":-0.006301687564700842,"z":0.0019361310405656696,"w":-0.9559386372566223},"size":10.679081916809082,"orthographic":false}